{
  "args": {
    "num_bursts": 8,
    "burst_size": 500,
    "prefix_tokens": 65536,
    "suffix_tokens": 256,
    "output_tokens": 1,
    "first_burst_s": 20.0,
    "burst_spacing_s": 40.0,
    "burst_window_s": 1.0,
    "num_decoys": 0,
    "decoy_size": 1,
    "decoy_window_s": 0.1,
    "background_requests": 0,
    "background_prefix_tokens": 2048,
    "background_output_tokens": 1,
    "lead_s": 6.0,
    "active_ttl_s": 20.0,
    "replicas": 4,
    "key_blocks": 8,
    "warm_tokens": [
      16384,
      32768,
      65536
    ],
    "precision_sweep": [
      1.0
    ],
    "recall": 1.0,
    "trials": 5,
    "rdma_gbps": 0.0,
    "hbm_only": true,
    "block_tokens": 256,
    "model_preset": "glm52-int4",
    "num_replicas": 8,
    "gpus_per_replica": 8,
    "gpu": "H100",
    "imbalance_abs": 8,
    "imbalance_rel": 1.5,
    "max_batch": 256,
    "seed": 7,
    "out": "clean-experiments/results/experiment_01_target_burst.json"
  },
  "warm_depths": [
    {
      "tokens": 16384,
      "blocks": 64
    },
    {
      "tokens": 32768,
      "blocks": 128
    },
    {
      "tokens": 65536,
      "blocks": 256
    }
  ],
  "baselines": {
    "pure_cache_affinity": {
      "policy": "pure_cache_affinity",
      "burst": {
        "requests": 4000,
        "mean_ttft": 2.134380046595454,
        "p50_ttft": 2.133946832663626,
        "p95_ttft": 2.861267916356824,
        "p99_ttft": 2.9247266842468074,
        "max_ttft": 2.940591376219275,
        "mean_queue": 2.1265525036227535,
        "p95_queue": 2.856090969946308,
        "mean_lat": 2.5821770561483604,
        "p95_lat": 3.1754860438536525,
        "cache_hit": 0.9941167315175097
      },
      "decoy": {
        "requests": 0,
        "mean_ttft": 0.0,
        "p50_ttft": 0.0,
        "p95_ttft": 0.0,
        "p99_ttft": 0.0,
        "max_ttft": 0.0,
        "mean_queue": 0.0,
        "p95_queue": 0.0,
        "mean_lat": 0.0,
        "p95_lat": 0.0,
        "cache_hit": 0.0
      },
      "all": {
        "requests": 4000,
        "mean_ttft": 2.134380046595454,
        "p50_ttft": 2.133946832663626,
        "p95_ttft": 2.861267916356824,
        "p99_ttft": 2.9247266842468074,
        "max_ttft": 2.940591376219275,
        "mean_queue": 2.1265525036227535,
        "p95_queue": 2.856090969946308,
        "mean_lat": 2.5821770561483604,
        "p95_lat": 3.1754860438536525,
        "cache_hit": 0.9941167315175097
      },
      "span": 303.95103714605807,
      "throughput": 13.160014315324984,
      "util": 0.012998926350603216,
      "warm_gb": 0.0,
      "warm_busy_s": 0.0,
      "warm_count": 0,
      "ready_warms": 0,
      "signal_precision": 0.0,
      "signal_recall": 0.0,
      "tp_signals": 0,
      "fp_signals": 0,
      "signals": 0,
      "burst_node_counts": {
        "node0": 4000,
        "node1": 0,
        "node2": 0,
        "node3": 0,
        "node4": 0,
        "node5": 0,
        "node6": 0,
        "node7": 0
      }
    },
    "cache_aware_no_warm": {
      "policy": "cache_aware_no_warm",
      "burst": {
        "requests": 4000,
        "mean_ttft": 1.0106706714948945,
        "p50_ttft": 1.0099986423812062,
        "p95_ttft": 1.312773008099115,
        "p99_ttft": 1.339994042686002,
        "max_ttft": 1.3558587346584978,
        "mean_queue": 0.9842889525869067,
        "p95_queue": 1.2987449519868903,
        "mean_lat": 1.1751136330992917,
        "p95_lat": 1.6286654897329953,
        "cache_hit": 0.9801712062256809
      },
      "decoy": {
        "requests": 0,
        "mean_ttft": 0.0,
        "p50_ttft": 0.0,
        "p95_ttft": 0.0,
        "p99_ttft": 0.0,
        "max_ttft": 0.0,
        "mean_queue": 0.0,
        "p95_queue": 0.0,
        "mean_lat": 0.0,
        "p95_lat": 0.0,
        "cache_hit": 0.0
      },
      "all": {
        "requests": 4000,
        "mean_ttft": 1.0106706714948945,
        "p50_ttft": 1.0099986423812062,
        "p95_ttft": 1.312773008099115,
        "p99_ttft": 1.339994042686002,
        "max_ttft": 1.3558587346584978,
        "mean_queue": 0.9842889525869067,
        "p95_queue": 1.2987449519868903,
        "mean_lat": 1.1751136330992917,
        "p95_lat": 1.6286654897329953,
        "cache_hit": 0.9801712062256809
      },
      "span": 301.68153584148376,
      "throughput": 13.25901497034863,
      "util": 0.04386343783317521,
      "warm_gb": 0.0,
      "warm_busy_s": 0.0,
      "warm_count": 0,
      "ready_warms": 0,
      "signal_precision": 0.0,
      "signal_recall": 0.0,
      "tp_signals": 0,
      "fp_signals": 0,
      "signals": 0,
      "burst_node_counts": {
        "node0": 504,
        "node1": 504,
        "node2": 504,
        "node3": 504,
        "node4": 496,
        "node5": 496,
        "node6": 496,
        "node7": 496
      }
    },
    "least_load_recompute": {
      "policy": "least_load_recompute",
      "burst": {
        "requests": 4000,
        "mean_ttft": 0.9966586474467979,
        "p50_ttft": 0.9939665782529666,
        "p95_ttft": 1.297909874349316,
        "p99_ttft": 1.3304752275025278,
        "max_ttft": 1.3304752275025278,
        "mean_queue": 0.97027692853881,
        "p95_queue": 1.28187781022109,
        "mean_lat": 1.161101609051195,
        "p95_lat": 1.6086254095735342,
        "cache_hit": 0.9801712062256809
      },
      "decoy": {
        "requests": 0,
        "mean_ttft": 0.0,
        "p50_ttft": 0.0,
        "p95_ttft": 0.0,
        "p99_ttft": 0.0,
        "max_ttft": 0.0,
        "mean_queue": 0.0,
        "p95_queue": 0.0,
        "mean_lat": 0.0,
        "p95_lat": 0.0,
        "cache_hit": 0.0
      },
      "all": {
        "requests": 4000,
        "mean_ttft": 0.9966586474467979,
        "p50_ttft": 0.9939665782529666,
        "p95_ttft": 1.297909874349316,
        "p99_ttft": 1.3304752275025278,
        "max_ttft": 1.3304752275025278,
        "mean_queue": 0.97027692853881,
        "p95_queue": 1.28187781022109,
        "mean_lat": 1.161101609051195,
        "p95_lat": 1.6086254095735342,
        "cache_hit": 0.9801712062256809
      },
      "span": 301.6655037773555,
      "throughput": 13.25971962293774,
      "util": 0.04386576896298429,
      "warm_gb": 0.0,
      "warm_busy_s": 0.0,
      "warm_count": 0,
      "ready_warms": 0,
      "signal_precision": 0.0,
      "signal_recall": 0.0,
      "tp_signals": 0,
      "fp_signals": 0,
      "signals": 0,
      "burst_node_counts": {
        "node0": 504,
        "node1": 504,
        "node2": 504,
        "node3": 504,
        "node4": 496,
        "node5": 496,
        "node6": 496,
        "node7": 496
      }
    }
  },
  "sweep": [
    {
      "policy": "partial_fake_prefill",
      "trials": 5,
      "burst": {
        "requests": 4000.0,
        "mean_ttft": 0.8231273467060408,
        "p50_ttft": 0.823127346706358,
        "p95_ttft": 0.9821161433079204,
        "p99_ttft": 0.9963115715759308,
        "max_ttft": 0.9991506572295247,
        "mean_queue": 0.809998610608973,
        "p95_queue": 0.9741001112438141,
        "mean_lat": 1.1536476480391231,
        "p95_lat": 1.6025454436309587,
        "cache_hit": 0.9901322957198444
      },
      "decoy": {
        "requests": 0.0,
        "mean_ttft": 0.0,
        "p50_ttft": 0.0,
        "p95_ttft": 0.0,
        "p99_ttft": 0.0,
        "max_ttft": 0.0,
        "mean_queue": 0.0,
        "p95_queue": 0.0,
        "mean_lat": 0.0,
        "p95_lat": 0.0,
        "cache_hit": 0.0
      },
      "all": {
        "requests": 4000.0,
        "mean_ttft": 0.8231273467060408,
        "p50_ttft": 0.823127346706358,
        "p95_ttft": 0.9821161433079204,
        "p99_ttft": 0.9963115715759308,
        "max_ttft": 0.9991506572295247,
        "mean_queue": 0.809998610608973,
        "p95_queue": 0.9741001112438141,
        "mean_lat": 1.1536476480391231,
        "p95_lat": 1.6025454436309587,
        "cache_hit": 0.9901322957198444
      },
      "burst_node_counts": {
        "node0": 1000.0,
        "node1": 1000.0,
        "node2": 1000.0,