{
  "args": {
    "num_bursts": 8,
    "burst_size": 500,
    "prefix_tokens": 65536,
    "suffix_tokens": 256,
    "output_tokens": 1,
    "first_burst_s": 40.0,
    "burst_spacing_s": 60.0,
    "burst_window_s": 1.0,
    "num_decoys": 0,
    "decoy_size": 1,
    "decoy_window_s": 0.1,
    "background_requests": 0,
    "background_prefix_tokens": 2048,
    "background_output_tokens": 1,
    "lead_s": 40.0,
    "active_ttl_s": 20.0,
    "replicas": 4,
    "key_blocks": 8,
    "warm_tokens": [
      32768,
      65536
    ],
    "precision_sweep": [
      1.0
    ],
    "recall": 1.0,
    "trials": 5,
    "rdma_gbps": 0.0,
    "hbm_only": true,
    "block_tokens": 256,
    "model_preset": "default",
    "num_replicas": 8,
    "gpus_per_replica": 4,
    "gpu": "A100",
    "imbalance_abs": 8,
    "imbalance_rel": 1.5,
    "max_batch": 256,
    "seed": 7,
    "out": "clean-experiments/results/standard-systems/llama70b_8rep_x4a100_lead40.json"
  },
  "warm_depths": [
    {
      "tokens": 32768,
      "blocks": 128
    },
    {
      "tokens": 65536,
      "blocks": 256
    }
  ],
  "baselines": {
    "pure_cache_affinity": {
      "policy": "pure_cache_affinity",
      "burst": {
        "requests": 4000,
        "mean_ttft": 30.347819192638866,
        "p50_ttft": 30.332011798080572,
        "p95_ttft": 44.287261437920165,
        "p99_ttft": 45.503767186563664,
        "max_ttft": 45.83239907532456,
        "mean_queue": 30.26023174648502,
        "p95_queue": 44.22933323279196,
        "mean_lat": 30.598544168892662,
        "p95_lat": 44.61990134271312,
        "cache_hit": 0.9941167315175097
      },
      "decoy": {
        "requests": 0,
        "mean_ttft": 0.0,
        "p50_ttft": 0.0,
        "p95_ttft": 0.0,
        "p99_ttft": 0.0,
        "max_ttft": 0.0,
        "mean_queue": 0.0,
        "p95_queue": 0.0,
        "mean_lat": 0.0,
        "p95_lat": 0.0,
        "cache_hit": 0.0
      },
      "all": {
        "requests": 4000,
        "mean_ttft": 30.347819192638866,
        "p50_ttft": 30.332011798080572,
        "p95_ttft": 44.287261437920165,
        "p99_ttft": 45.503767186563664,
        "max_ttft": 45.83239907532456,
        "mean_queue": 30.26023174648502,
        "p95_queue": 44.22933323279196,
        "mean_lat": 30.598544168892662,
        "p95_lat": 44.61990134271312,
        "cache_hit": 0.9941167315175097
      },
      "span": 506.8679357769086,
      "throughput": 7.891601968999965,
      "util": 0.09246577356502386,
      "warm_gb": 0.0,
      "warm_busy_s": 0.0,
      "warm_count": 0,
      "ready_warms": 0,
      "signal_precision": 0.0,
      "signal_recall": 0.0,
      "tp_signals": 0,
      "fp_signals": 0,
      "signals": 0,
      "burst_node_counts": {
        "node0": 4000,
        "node1": 0,
        "node2": 0,
        "node3": 0,
        "node4": 0,
        "node5": 0,
        "node6": 0,
        "node7": 0
      }
    },
    "cache_aware_no_warm": {
      "policy": "cache_aware_no_warm",
      "burst": {
        "requests": 4000,
        "mean_ttft": 16.357372115358043,
        "p50_ttft": 16.349393862674532,
        "p95_ttft": 17.71852942347229,
        "p99_ttft": 17.802321705474014,
        "max_ttft": 17.84421784647398,
        "mean_queue": 16.06216998202471,
        "p95_queue": 17.660601218344084,
        "mean_lat": 16.604217173256156,
        "p95_lat": 17.908723764385172,
        "cache_hit": 0.9801712062256809
      },
      "decoy": {
        "requests": 0,
        "mean_ttft": 0.0,
        "p50_ttft": 0.0,
        "p95_ttft": 0.0,
        "p99_ttft": 0.0,
        "max_ttft": 0.0,
        "mean_queue": 0.0,
        "p95_queue": 0.0,
        "mean_lat": 0.0,
        "p95_lat": 0.0,
        "cache_hit": 0.0
      },
      "all": {
        "requests": 4000,
        "mean_ttft": 16.357372115358043,
        "p50_ttft": 16.349393862674532,
        "p95_ttft": 17.71852942347229,
        "p99_ttft": 17.802321705474014,
        "max_ttft": 17.84421784647398,
        "mean_queue": 16.06216998202471,
        "p95_queue": 17.660601218344084,
        "mean_lat": 16.604217173256156,
        "p95_lat": 17.908723764385172,
        "cache_hit": 0.9801712062256809
      },
      "span": 478.889860199272,
      "throughput": 8.352651272122468,
      "util": 0.3146805860620235,
      "warm_gb": 0.0,
      "warm_busy_s": 0.0,
      "warm_count": 0,
      "ready_warms": 0,
      "signal_precision": 0.0,
      "signal_recall": 0.0,
      "tp_signals": 0,
      "fp_signals": 0,
      "signals": 0,
      "burst_node_counts": {
        "node0": 504,
        "node1": 504,
        "node2": 504,
        "node3": 504,
        "node4": 496,
        "node5": 496,
        "node6": 496,
        "node7": 496
      }
    },
    "least_load_recompute": {
      "policy": "least_load_recompute",
      "burst": {
        "requests": 4000,
        "mean_ttft": 16.34336009130995,
        "p50_ttft": 16.333361798546292,
        "p95_ttft": 17.70249735934405,
        "p99_ttft": 17.786289641345746,
        "max_ttft": 17.828185782345713,
        "mean_queue": 16.048157957976613,
        "p95_queue": 17.644569154215844,
        "mean_lat": 16.59020514920806,
        "p95_lat": 17.892691700258695,
        "cache_hit": 0.9801712062256809
      },
      "decoy": {
        "requests": 0,
        "mean_ttft": 0.0,
        "p50_ttft": 0.0,
        "p95_ttft": 0.0,
        "p99_ttft": 0.0,
        "max_ttft": 0.0,
        "mean_queue": 0.0,
        "p95_queue": 0.0,
        "mean_lat": 0.0,
        "p95_lat": 0.0,
        "cache_hit": 0.0
      },
      "all": {
        "requests": 4000,
        "mean_ttft": 16.34336009130995,
        "p50_ttft": 16.333361798546292,
        "p95_ttft": 17.70249735934405,
        "p99_ttft": 17.786289641345746,
        "max_ttft": 17.828185782345713,
        "mean_queue": 16.048157957976613,
        "p95_queue": 17.644569154215844,
        "mean_lat": 16.59020514920806,
        "p95_lat": 17.892691700258695,
        "cache_hit": 0.9801712062256809
      },
      "span": 478.87382813514375,
      "throughput": 8.352930907869856,
      "util": 0.3146911211529791,
      "warm_gb": 0.0,
      "warm_busy_s": 0.0,
      "warm_count": 0,
      "ready_warms": 0,
      "signal_precision": 0.0,
      "signal_recall": 0.0,
      "tp_signals": 0,
      "fp_signals": 0,
      "signals": 0,
      "burst_node_counts": {
        "node0": 504,
        "node1": 504,
        "node2": 504,
        "node3": 504,
        "node4": 496,
        "node5": 496,
        "node6": 496,
        "node7": 496
      }
    }
  },
  "sweep": [
    {
      "policy": "partial_fake_prefill",
      "trials": 5,
      "burst": {
        "requests": 4000.0,
        "mean_ttft": 12.448409004962624,
        "p50_ttft": 10.485519814510694,
        "p95_ttft": 17.320133308825476,
        "p99_ttft": 17.578624917025223,
        "max_ttft": 17.620521058025275,
        "mean_queue": 12.212525353680574,
        "p95_queue": 17.26220510369727,
        "mean_lat": 12.693184773071035,
        "p95_lat": 17.558960891538348,
        "cache_hit": 0.9841556420233463
      },
      "decoy": {
        "requests": 0.0,
        "mean_ttft": 0.0,
        "p50_ttft": 0.0,
        "p95_ttft": 0.0,
        "p99_ttft": 0.0,
        "max_ttft": 0.0,
        "mean_queue": 0.0,
        "p95_queue": 0.0,
        "mean_lat": 0.0,
        "p95_lat": 0.0,
        "cache_hit": 0.0
      },
      "all": {
        "requests": 4000.0,
        "mean_ttft": 12.448409004962624,
        "p50_ttft": 10.485519814510694,
        "p95_ttft": 17.320133308825476,
        "p99_ttft": 17.578624917025223,
        "max_ttft": 17.620521058025275,
        "mean_queue": 12.212525353680574,
        "p95_queue": 17.26220510369727,
        "mean_lat": 12.693184773071035,
        "p95_lat": 17.558960891538348,
        "cache_hit": 0.9841556420233463
      },
      "burst_node_counts": {
        "node0": 528.0,
        "node1": 528.0,
        "node2": 528.0,
        "node3": 528.0,
        "node4": 472.0,