{
  "args": {
    "num_bursts": 8,
    "burst_size": 500,
    "prefix_tokens": 65536,
    "suffix_tokens": 256,
    "output_tokens": 1,
    "first_burst_s": 20.0,
    "burst_spacing_s": 40.0,
    "burst_window_s": 1.0,
    "num_decoys": 0,
    "decoy_size": 1,
    "decoy_window_s": 0.1,
    "background_requests": 0,
    "background_prefix_tokens": 2048,
    "background_output_tokens": 1,
    "lead_s": 6.0,
    "active_ttl_s": 20.0,
    "replicas": 4,
    "key_blocks": 8,
    "warm_tokens": [
      32768,
      65536
    ],
    "precision_sweep": [
      1.0
    ],
    "recall": 1.0,
    "trials": 5,
    "rdma_gbps": 0.0,
    "hbm_only": true,
    "block_tokens": 256,
    "model_preset": "default",
    "num_replicas": 8,
    "gpus_per_replica": 4,
    "gpu": "H100",
    "imbalance_abs": 8,
    "imbalance_rel": 1.5,
    "max_batch": 256,
    "seed": 7,
    "out": "clean-experiments/results/standard-systems/llama70b_8rep_x4h100.json"
  },
  "warm_depths": [
    {
      "tokens": 32768,
      "blocks": 128
    },
    {
      "tokens": 65536,
      "blocks": 256
    }
  ],
  "baselines": {
    "pure_cache_affinity": {
      "policy": "pure_cache_affinity",
      "burst": {
        "requests": 4000,
        "mean_ttft": 9.65590637246023,
        "p50_ttft": 9.655027605752116,
        "p95_ttft": 14.135202228756443,
        "p99_ttft": 14.519134966451078,
        "max_ttft": 14.629748271232929,
        "mean_queue": 9.6282751457666,
        "p95_queue": 14.116927607927323,
        "mean_lat": 9.748771037749592,
        "p95_lat": 14.249823549570408,
        "cache_hit": 0.9941167315175097
      },
      "decoy": {
        "requests": 0,
        "mean_ttft": 0.0,
        "p50_ttft": 0.0,
        "p95_ttft": 0.0,
        "p99_ttft": 0.0,
        "max_ttft": 0.0,
        "mean_queue": 0.0,
        "p95_queue": 0.0,
        "mean_lat": 0.0,
        "p95_lat": 0.0,
        "cache_hit": 0.0
      },
      "all": {
        "requests": 4000,
        "mean_ttft": 9.65590637246023,
        "p50_ttft": 9.655027605752116,
        "p95_ttft": 14.135202228756443,
        "p99_ttft": 14.519134966451078,
        "max_ttft": 14.629748271232929,
        "mean_queue": 9.6282751457666,
        "p95_queue": 14.116927607927323,
        "mean_lat": 9.748771037749592,
        "p95_lat": 14.249823549570408,
        "cache_hit": 0.9941167315175097
      },
      "span": 315.65096421248666,
      "throughput": 12.672224873380463,
      "util": 0.049583134496461526,
      "warm_gb": 0.0,
      "warm_busy_s": 0.0,
      "warm_count": 0,
      "ready_warms": 0,
      "signal_precision": 0.0,
      "signal_recall": 0.0,
      "tp_signals": 0,
      "fp_signals": 0,
      "signals": 0,
      "burst_node_counts": {
        "node0": 4000,
        "node1": 0,
        "node2": 0,
        "node3": 0,
        "node4": 0,
        "node5": 0,
        "node6": 0,
        "node7": 0
      }
    },
    "cache_aware_no_warm": {
      "policy": "cache_aware_no_warm",
      "burst": {
        "requests": 4000,
        "mean_ttft": 4.879505663084205,
        "p50_ttft": 4.869909597088113,
        "p95_ttft": 5.04749959087724,
        "p99_ttft": 5.0542272609797605,
        "max_ttft": 5.0564698176807275,
        "mean_queue": 4.786378195339008,
        "p95_queue": 5.029224970048119,
        "mean_lat": 4.971032522139941,
        "p95_lat": 5.143593608477701,
        "cache_hit": 0.9801712062256809
      },
      "decoy": {
        "requests": 0,
        "mean_ttft": 0.0,
        "p50_ttft": 0.0,
        "p95_ttft": 0.0,
        "p99_ttft": 0.0,
        "max_ttft": 0.0,
        "mean_queue": 0.0,
        "p95_queue": 0.0,
        "mean_lat": 0.0,
        "p95_lat": 0.0,
        "cache_hit": 0.0
      },
      "all": {
        "requests": 4000,
        "mean_ttft": 4.879505663084205,
        "p50_ttft": 4.869909597088113,
        "p95_ttft": 5.04749959087724,
        "p99_ttft": 5.0542272609797605,
        "max_ttft": 5.0564698176807275,
        "mean_queue": 4.786378195339008,
        "p95_queue": 5.029224970048119,
        "mean_lat": 4.971032522139941,
        "p95_lat": 5.143593608477701,
        "cache_hit": 0.9801712062256809
      },
      "span": 306.08371898353136,
      "throughput": 13.068320044213843,
      "util": 0.15816671510929262,
      "warm_gb": 0.0,
      "warm_busy_s": 0.0,
      "warm_count": 0,
      "ready_warms": 0,
      "signal_precision": 0.0,
      "signal_recall": 0.0,
      "tp_signals": 0,
      "fp_signals": 0,
      "signals": 0,
      "burst_node_counts": {
        "node0": 504,
        "node1": 504,
        "node2": 504,
        "node3": 504,
        "node4": 496,
        "node5": 496,
        "node6": 496,
        "node7": 496
      }
    },
    "least_load_recompute": {
      "policy": "least_load_recompute",
      "burst": {
        "requests": 4000,
        "mean_ttft": 4.865493639036108,
        "p50_ttft": 4.853877532959852,
        "p95_ttft": 5.0337100834496225,
        "p99_ttft": 5.038195196851521,
        "max_ttft": 5.04043775355247,
        "mean_queue": 4.772366171290911,
        "p95_queue": 5.015435462620502,
        "mean_lat": 4.957020498091843,
        "p95_lat": 5.127561544349589,
        "cache_hit": 0.9801712062256809
      },
      "decoy": {
        "requests": 0,
        "mean_ttft": 0.0,
        "p50_ttft": 0.0,
        "p95_ttft": 0.0,
        "p99_ttft": 0.0,
        "max_ttft": 0.0,
        "mean_queue": 0.0,
        "p95_queue": 0.0,
        "mean_lat": 0.0,
        "p95_lat": 0.0,
        "cache_hit": 0.0
      },
      "all": {
        "requests": 4000,
        "mean_ttft": 4.865493639036108,
        "p50_ttft": 4.853877532959852,
        "p95_ttft": 5.0337100834496225,
        "p99_ttft": 5.038195196851521,
        "max_ttft": 5.04043775355247,
        "mean_queue": 4.772366171290911,
        "p95_queue": 5.015435462620502,
        "mean_lat": 4.957020498091843,
        "p95_lat": 5.127561544349589,
        "cache_hit": 0.9801712062256809
      },
      "span": 306.0676869194031,
      "throughput": 13.06900457300911,
      "util": 0.15817500000517662,
      "warm_gb": 0.0,
      "warm_busy_s": 0.0,
      "warm_count": 0,
      "ready_warms": 0,
      "signal_precision": 0.0,
      "signal_recall": 0.0,
      "tp_signals": 0,
      "fp_signals": 0,
      "signals": 0,
      "burst_node_counts": {
        "node0": 504,
        "node1": 504,
        "node2": 504,
        "node3": 504,
        "node4": 496,
        "node5": 496,
        "node6": 496,
        "node7": 496
      }
    }
  },
  "sweep": [
    {
      "policy": "partial_fake_prefill",
      "trials": 5,
      "burst": {
        "requests": 4000.0,
        "mean_ttft": 3.2076435524300964,
        "p50_ttft": 3.1982802754007507,
        "p95_ttft": 3.977582931255486,
        "p99_ttft": 4.0581361157968585,
        "max_ttft": 4.068394704561938,
        "mean_queue": 3.1706557198719567,
        "p95_queue": 3.9593083104263656,
        "mean_lat": 3.2995271598147995,
        "p95_lat": 4.06519795312164,
        "cache_hit": 0.9921245136186772
      },
      "decoy": {
        "requests": 0.0,
        "mean_ttft": 0.0,
        "p50_ttft": 0.0,
        "p95_ttft": 0.0,
        "p99_ttft": 0.0,
        "max_ttft": 0.0,
        "mean_queue": 0.0,
        "p95_queue": 0.0,
        "mean_lat": 0.0,
        "p95_lat": 0.0,
        "cache_hit": 0.0
      },
      "all": {
        "requests": 4000.0,
        "mean_ttft": 3.2076435524300964,
        "p50_ttft": 3.1982802754007507,
        "p95_ttft": 3.977582931255486,
        "p99_ttft": 4.0581361157968585,
        "max_ttft": 4.068394704561938,
        "mean_queue": 3.1706557198719567,
        "p95_queue": 3.9593083104263656,
        "mean_lat": 3.2995271598147995,
        "p95_lat": 4.06519795312164,
        "cache_hit": 0.9921245136186772
      },
      "burst_node_counts": {
        "node0": 1000.0,
        "node1": 1000.0,
        "node2": 1000.0,
        "node3": 1000.0,
        "node4": 0.0,
        "node5": 0.0,