{
  "args": {
    "num_bursts": 8,
    "burst_size": 500,
    "prefix_tokens": 65536,
    "suffix_tokens": 256,
    "output_tokens": 1,
    "first_burst_s": 20.0,
    "burst_spacing_s": 40.0,
    "burst_window_s": 1.0,
    "num_decoys": 0,
    "decoy_size": 1,
    "decoy_window_s": 0.1,
    "background_requests": 0,
    "background_prefix_tokens": 2048,
    "background_output_tokens": 1,
    "lead_s": 6.0,
    "active_ttl_s": 20.0,
    "replicas": 4,
    "key_blocks": 8,
    "warm_tokens": [
      32768,
      65536
    ],
    "precision_sweep": [
      1.0
    ],
    "recall": 1.0,
    "trials": 5,
    "rdma_gbps": 0.0,
    "hbm_only": true,
    "block_tokens": 256,
    "model_preset": "default",
    "num_replicas": null,
    "gpus_per_replica": null,
    "gpu": "H100",
    "imbalance_abs": 8,
    "imbalance_rel": 1.5,
    "max_batch": 256,
    "seed": 7,
    "out": "clean-experiments/results/standard-systems/llama70b_4rep_x4h100.json"
  },
  "warm_depths": [
    {
      "tokens": 32768,
      "blocks": 128
    },
    {
      "tokens": 65536,
      "blocks": 256
    }
  ],
  "baselines": {
    "pure_cache_affinity": {
      "policy": "pure_cache_affinity",
      "burst": {
        "requests": 4000,
        "mean_ttft": 9.65590637246023,
        "p50_ttft": 9.655027605752116,
        "p95_ttft": 14.135202228756443,
        "p99_ttft": 14.519134966451078,
        "max_ttft": 14.629748271232929,
        "mean_queue": 9.6282751457666,
        "p95_queue": 14.116927607927323,
        "mean_lat": 9.748771037749592,
        "p95_lat": 14.249823549570408,
        "cache_hit": 0.9941167315175097
      },
      "decoy": {
        "requests": 0,
        "mean_ttft": 0.0,
        "p50_ttft": 0.0,
        "p95_ttft": 0.0,
        "p99_ttft": 0.0,
        "max_ttft": 0.0,
        "mean_queue": 0.0,
        "p95_queue": 0.0,
        "mean_lat": 0.0,
        "p95_lat": 0.0,
        "cache_hit": 0.0
      },
      "all": {
        "requests": 4000,
        "mean_ttft": 9.65590637246023,
        "p50_ttft": 9.655027605752116,
        "p95_ttft": 14.135202228756443,
        "p99_ttft": 14.519134966451078,
        "max_ttft": 14.629748271232929,
        "mean_queue": 9.6282751457666,
        "p95_queue": 14.116927607927323,
        "mean_lat": 9.748771037749592,
        "p95_lat": 14.249823549570408,
        "cache_hit": 0.9941167315175097
      },
      "span": 315.65096421248666,
      "throughput": 12.672224873380463,
      "util": 0.09916626899292305,
      "warm_gb": 0.0,
      "warm_busy_s": 0.0,
      "warm_count": 0,
      "ready_warms": 0,
      "signal_precision": 0.0,
      "signal_recall": 0.0,
      "tp_signals": 0,
      "fp_signals": 0,
      "signals": 0,
      "burst_node_counts": {
        "node0": 4000,
        "node1": 0,
        "node2": 0,
        "node3": 0
      }
    },
    "cache_aware_no_warm": {
      "policy": "cache_aware_no_warm",
      "burst": {
        "requests": 4000,
        "mean_ttft": 5.558819066653681,
        "p50_ttft": 5.547690330293416,
        "p95_ttft": 6.332766461510718,
        "p99_ttft": 6.413319646052062,
        "max_ttft": 6.4235782348175965,
        "mean_queue": 5.503118022366523,
        "p95_queue": 6.3144918406815975,
        "mean_lat": 5.650702674038383,
        "p95_lat": 6.420381483376872,
        "cache_hit": 0.9881400778210117
      },
      "decoy": {
        "requests": 0,
        "mean_ttft": 0.0,
        "p50_ttft": 0.0,
        "p95_ttft": 0.0,
        "p99_ttft": 0.0,
        "max_ttft": 0.0,
        "mean_queue": 0.0,
        "p95_queue": 0.0,
        "mean_lat": 0.0,
        "p95_lat": 0.0,
        "cache_hit": 0.0
      },
      "all": {
        "requests": 4000,
        "mean_ttft": 5.558819066653681,
        "p50_ttft": 5.547690330293416,
        "p95_ttft": 6.332766461510718,
        "p99_ttft": 6.413319646052062,
        "max_ttft": 6.4235782348175965,
        "mean_queue": 5.503118022366523,
        "p95_queue": 6.3144918406815975,
        "mean_lat": 5.650702674038383,
        "p95_lat": 6.420381483376872,
        "cache_hit": 0.9881400778210117
      },
      "span": 307.44680525093685,
      "throughput": 13.01038076077979,
      "util": 0.19319793957072537,
      "warm_gb": 0.0,
      "warm_busy_s": 0.0,
      "warm_count": 0,
      "ready_warms": 0,
      "signal_precision": 0.0,
      "signal_recall": 0.0,
      "tp_signals": 0,
      "fp_signals": 0,
      "signals": 0,
      "burst_node_counts": {
        "node0": 1000,
        "node1": 1000,
        "node2": 1000,
        "node3": 1000
      }
    },
    "least_load_recompute": {
      "policy": "least_load_recompute",
      "burst": {
        "requests": 4000,
        "mean_ttft": 5.546795018557489,
        "p50_ttft": 5.537431741528169,
        "p95_ttft": 6.316734397382848,
        "p99_ttft": 6.39728758192422,
        "max_ttft": 6.407546170689339,
        "mean_queue": 5.4910939742703295,
        "p95_queue": 6.298459776553727,
        "mean_lat": 5.638678625942192,
        "p95_lat": 6.404349419249002,
        "cache_hit": 0.9881400778210117
      },
      "decoy": {
        "requests": 0,
        "mean_ttft": 0.0,
        "p50_ttft": 0.0,
        "p95_ttft": 0.0,
        "p99_ttft": 0.0,
        "max_ttft": 0.0,
        "mean_queue": 0.0,
        "p95_queue": 0.0,
        "mean_lat": 0.0,
        "p95_lat": 0.0,
        "cache_hit": 0.0
      },
      "all": {
        "requests": 4000,
        "mean_ttft": 5.546795018557489,
        "p50_ttft": 5.537431741528169,
        "p95_ttft": 6.316734397382848,
        "p99_ttft": 6.39728758192422,
        "max_ttft": 6.407546170689339,
        "mean_queue": 5.4910939742703295,
        "p95_queue": 6.298459776553727,
        "mean_lat": 5.638678625942192,
        "p95_lat": 6.404349419249002,
        "cache_hit": 0.9881400778210117
      },
      "span": 307.4307731868086,
      "throughput": 13.01105923306325,
      "util": 0.19320801456004583,
      "warm_gb": 0.0,
      "warm_busy_s": 0.0,
      "warm_count": 0,
      "ready_warms": 0,
      "signal_precision": 0.0,
      "signal_recall": 0.0,
      "tp_signals": 0,
      "fp_signals": 0,
      "signals": 0,
      "burst_node_counts": {
        "node0": 1000,
        "node1": 1000,
        "node2": 1000,
        "node3": 1000
      }
    }
  },
  "sweep": [
    {
      "policy": "partial_fake_prefill",
      "trials": 5,
      "burst": {
        "requests": 4000.0,
        "mean_ttft": 3.2076435524300964,
        "p50_ttft": 3.1982802754007507,
        "p95_ttft": 3.977582931255486,
        "p99_ttft": 4.0581361157968585,
        "max_ttft": 4.068394704561938,
        "mean_queue": 3.1706557198719567,
        "p95_queue": 3.9593083104263656,
        "mean_lat": 3.2995271598147995,
        "p95_lat": 4.06519795312164,
        "cache_hit": 0.9921245136186772
      },
      "decoy": {
        "requests": 0.0,
        "mean_ttft": 0.0,
        "p50_ttft": 0.0,
        "p95_ttft": 0.0,
        "p99_ttft": 0.0,
        "max_ttft": 0.0,
        "mean_queue": 0.0,
        "p95_queue": 0.0,
        "mean_lat": 0.0,
        "p95_lat": 0.0,
        "cache_hit": 0.0
      },
      "all": {
        "requests": 4000.0,
        "mean_ttft": 3.2076435524300964,
        "p50_ttft": 3.1982802754007507,
        "p95_ttft": 3.977582931255486,
        "p99_ttft": 4.0581361157968585,
        "max_ttft": 4.068394704561938,
        "mean_queue": 3.1706557198719567,
        "p95_queue": 3.9593083104263656,
        "mean_lat": 3.2995271598147995,
        "p95_lat": 4.06519795312164,
        "cache_hit": 0.9921245136186772
      },
      "burst_node_counts": {
        "node0": 1000.0,
        "node1": 1000.0,
        "node2": 1000.0,
        "node3": 1000.0
      },
      "span": 305.09162172068125,
      "throughput": 13.110815621354877,
      "util": 0.19468934927509565,
      "warm_gb": 343.59738368,
      "warm_busy_s": 74.85284691607684,
      "warm_count": 32.0,
      "ready_warms": 32.0,
      "signal_precision": 1.0,
      "signal_recall": 1.0,