{
  "args": {
    "num_bursts": 8,
    "burst_size": 500,
    "prefix_tokens": 65536,
    "suffix_tokens": 256,
    "output_tokens": 1,
    "first_burst_s": 20.0,
    "burst_spacing_s": 40.0,
    "burst_window_s": 1.0,
    "num_decoys": 0,
    "decoy_size": 1,
    "decoy_window_s": 0.1,
    "background_requests": 0,
    "background_prefix_tokens": 2048,
    "background_output_tokens": 1,
    "lead_s": 6.0,
    "active_ttl_s": 20.0,
    "replicas": 4,
    "key_blocks": 8,
    "warm_tokens": [
      32768,
      65536
    ],
    "precision_sweep": [
      1.0
    ],
    "recall": 1.0,
    "trials": 5,
    "rdma_gbps": 0.0,
    "hbm_only": true,
    "block_tokens": 256,
    "model_preset": "default",
    "num_replicas": 8,
    "gpus_per_replica": 8,
    "gpu": "H100",
    "imbalance_abs": 8,
    "imbalance_rel": 1.5,
    "max_batch": 256,
    "seed": 7,
    "out": "clean-experiments/results/standard-systems/llama70b_8rep_x8h100.json"
  },
  "warm_depths": [
    {
      "tokens": 32768,
      "blocks": 128
    },
    {
      "tokens": 65536,
      "blocks": 256
    }
  ],
  "baselines": {
    "pure_cache_affinity": {
      "policy": "pure_cache_affinity",
      "burst": {
        "requests": 4000,
        "mean_ttft": 4.436292273495858,
        "p50_ttft": 4.421612892289688,
        "p95_ttft": 6.323737750472135,
        "p99_ttft": 6.496116980294034,
        "max_ttft": 6.531783492286793,
        "mean_queue": 4.422476660149042,
        "p95_queue": 6.314600440057575,
        "mean_lat": 4.565378734608255,
        "p95_lat": 6.43857346373585,
        "cache_hit": 0.9941167315175097
      },
      "decoy": {
        "requests": 0,
        "mean_ttft": 0.0,
        "p50_ttft": 0.0,
        "p95_ttft": 0.0,
        "p99_ttft": 0.0,
        "max_ttft": 0.0,
        "mean_queue": 0.0,
        "p95_queue": 0.0,
        "mean_lat": 0.0,
        "p95_lat": 0.0,
        "cache_hit": 0.0
      },
      "all": {
        "requests": 4000,
        "mean_ttft": 4.436292273495858,
        "p50_ttft": 4.421612892289688,
        "p95_ttft": 6.323737750472135,
        "p99_ttft": 6.496116980294034,
        "max_ttft": 6.531783492286793,
        "mean_queue": 4.422476660149042,
        "p95_queue": 6.314600440057575,
        "mean_lat": 4.565378734608255,
        "p95_lat": 6.43857346373585,
        "cache_hit": 0.9941167315175097
      },
      "span": 307.5554634495405,
      "throughput": 13.00578424176251,
      "util": 0.02456618186776582,
      "warm_gb": 0.0,
      "warm_busy_s": 0.0,
      "warm_count": 0,
      "ready_warms": 0,
      "signal_precision": 0.0,
      "signal_recall": 0.0,
      "tp_signals": 0,
      "fp_signals": 0,
      "signals": 0,
      "burst_node_counts": {
        "node0": 4000,
        "node1": 0,
        "node2": 0,
        "node3": 0,
        "node4": 0,
        "node5": 0,
        "node6": 0,
        "node7": 0
      }
    },
    "cache_aware_no_warm": {
      "policy": "cache_aware_no_warm",
      "burst": {
        "requests": 4000,
        "mean_ttft": 2.1768963453249075,
        "p50_ttft": 2.180296657396338,
        "p95_ttft": 2.3385072851466346,
        "p99_ttft": 2.3696886837375657,
        "max_ttft": 2.405355195730381,
        "mean_queue": 2.130332611452309,
        "p95_queue": 2.3244792290344094,
        "mean_lat": 2.2975769239360044,
        "p95_lat": 2.5509666752885636,
        "cache_hit": 0.9801712062256809
      },
      "decoy": {
        "requests": 0,
        "mean_ttft": 0.0,
        "p50_ttft": 0.0,
        "p95_ttft": 0.0,
        "p99_ttft": 0.0,
        "max_ttft": 0.0,
        "mean_queue": 0.0,
        "p95_queue": 0.0,
        "mean_lat": 0.0,
        "p95_lat": 0.0,
        "cache_hit": 0.0
      },
      "all": {
        "requests": 4000,
        "mean_ttft": 2.1768963453249075,
        "p50_ttft": 2.180296657396338,
        "p95_ttft": 2.3385072851466346,
        "p99_ttft": 2.3696886837375657,
        "max_ttft": 2.405355195730381,
        "mean_queue": 2.130332611452309,
        "p95_queue": 2.3244792290344094,
        "mean_lat": 2.2975769239360044,
        "p95_lat": 2.5509666752885636,
        "cache_hit": 0.9801712062256809
      },
      "span": 303.01995243137793,
      "throughput": 13.200450887490131,
      "util": 0.0790135935343454,
      "warm_gb": 0.0,
      "warm_busy_s": 0.0,
      "warm_count": 0,
      "ready_warms": 0,
      "signal_precision": 0.0,
      "signal_recall": 0.0,
      "tp_signals": 0,
      "fp_signals": 0,
      "signals": 0,
      "burst_node_counts": {
        "node0": 504,
        "node1": 504,
        "node2": 504,
        "node3": 504,
        "node4": 496,
        "node5": 496,
        "node6": 496,
        "node7": 496
      }
    },
    "least_load_recompute": {
      "policy": "least_load_recompute",
      "burst": {
        "requests": 4000,
        "mean_ttft": 2.162884321276811,
        "p50_ttft": 2.164264593268102,
        "p95_ttft": 2.327604515400908,
        "p99_ttft": 2.3482887765419616,
        "max_ttft": 2.3482887765419616,
        "mean_queue": 2.1163205874042124,
        "p95_queue": 2.3115724512726956,
        "mean_lat": 2.2835648998879075,
        "p95_lat": 2.5309265951288467,
        "cache_hit": 0.9801712062256809
      },
      "decoy": {
        "requests": 0,
        "mean_ttft": 0.0,
        "p50_ttft": 0.0,
        "p95_ttft": 0.0,
        "p99_ttft": 0.0,
        "max_ttft": 0.0,
        "mean_queue": 0.0,
        "p95_queue": 0.0,
        "mean_lat": 0.0,
        "p95_lat": 0.0,
        "cache_hit": 0.0
      },
      "all": {
        "requests": 4000,
        "mean_ttft": 2.162884321276811,
        "p50_ttft": 2.164264593268102,
        "p95_ttft": 2.327604515400908,
        "p99_ttft": 2.3482887765419616,
        "max_ttft": 2.3482887765419616,
        "mean_queue": 2.1163205874042124,
        "p95_queue": 2.3115724512726956,
        "mean_lat": 2.2835648998879075,
        "p95_lat": 2.5309265951288467,
        "cache_hit": 0.9801712062256809
      },
      "span": 303.0039203672497,
      "throughput": 13.201149328866379,
      "util": 0.07901777417661897,
      "warm_gb": 0.0,
      "warm_busy_s": 0.0,
      "warm_count": 0,
      "ready_warms": 0,
      "signal_precision": 0.0,
      "signal_recall": 0.0,
      "tp_signals": 0,
      "fp_signals": 0,
      "signals": 0,
      "burst_node_counts": {
        "node0": 504,
        "node1": 504,
        "node2": 504,
        "node3": 504,
        "node4": 496,
        "node5": 496,
        "node6": 496,
        "node7": 496
      }
    }
  },
  "sweep": [
    {
      "policy": "partial_fake_prefill",
      "trials": 5,
      "burst": {
        "requests": 4000.0,
        "mean_ttft": 1.3147898285510746,
        "p50_ttft": 1.3076586649064565,
        "p95_ttft": 1.4595897980828467,
        "p99_ttft": 1.4651961898350137,
        "max_ttft": 1.4663174681889202,
        "mean_queue": 1.2962959122720048,
        "p95_queue": 1.4504524876682865,
        "mean_lat": 1.4392162646163331,
        "p95_lat": 1.5833611977071769,
        "cache_hit": 0.9921245136186772
      },
      "decoy": {
        "requests": 0.0,
        "mean_ttft": 0.0,
        "p50_ttft": 0.0,
        "p95_ttft": 0.0,
        "p99_ttft": 0.0,
        "max_ttft": 0.0,
        "mean_queue": 0.0,
        "p95_queue": 0.0,
        "mean_lat": 0.0,
        "p95_lat": 0.0,
        "cache_hit": 0.0
      },
      "all": {
        "requests": 4000.0,
        "mean_ttft": 1.3147898285510746,
        "p50_ttft": 1.3076586649064565,
        "p95_ttft": 1.4595897980828467,
        "p99_ttft": 1.4651961898350137,
        "max_ttft": 1.4663174681889202,
        "mean_queue": 1.2962959122720048,
        "p95_queue": 1.4504524876682865,
        "mean_lat": 1.4392162646163331,
        "p95_lat": 1.5833611977071769,
        "cache_hit": 0.9921245136186772
      },
      "burst_node_counts": {
        "node0": 1000.0,
        "node1": 1000.0,
        "node2": 1000.0,
        "node3": 1000.0,
        "node4": 0.0,