{
  "args": {
    "num_bursts": 8,
    "burst_size": 500,
    "prefix_tokens": 65536,
    "suffix_tokens": 256,
    "output_tokens": 1,
    "first_burst_s": 80.0,
    "burst_spacing_s": 100.0,
    "burst_window_s": 1.0,
    "num_decoys": 0,
    "decoy_size": 1,
    "decoy_window_s": 0.1,
    "background_requests": 0,
    "background_prefix_tokens": 2048,
    "background_output_tokens": 1,
    "lead_s": 80.0,
    "active_ttl_s": 20.0,
    "replicas": 4,
    "key_blocks": 8,
    "warm_tokens": [
      32768,
      65536
    ],
    "precision_sweep": [
      1.0
    ],
    "recall": 1.0,
    "trials": 5,
    "rdma_gbps": 0.0,
    "hbm_only": true,
    "block_tokens": 256,
    "model_preset": "default",
    "num_replicas": 8,
    "gpus_per_replica": 4,
    "gpu": "A100",
    "imbalance_abs": 8,
    "imbalance_rel": 1.5,
    "max_batch": 256,
    "seed": 7,
    "out": "clean-experiments/results/standard-systems/llama70b_8rep_x4a100_lead80.json"
  },
  "warm_depths": [
    {
      "tokens": 32768,
      "blocks": 128
    },
    {
      "tokens": 65536,
      "blocks": 256
    }
  ],
  "baselines": {
    "pure_cache_affinity": {
      "policy": "pure_cache_affinity",
      "burst": {
        "requests": 4000,
        "mean_ttft": 30.347819192637715,
        "p50_ttft": 30.332011798080572,
        "p95_ttft": 44.287261437920165,
        "p99_ttft": 45.503767186563664,
        "max_ttft": 45.83239907532456,
        "mean_queue": 30.260231746483868,
        "p95_queue": 44.22933323279196,
        "mean_lat": 30.598544168891504,
        "p95_lat": 44.61990134271312,
        "cache_hit": 0.9941167315175097
      },
      "decoy": {
        "requests": 0,
        "mean_ttft": 0.0,
        "p50_ttft": 0.0,
        "p95_ttft": 0.0,
        "p99_ttft": 0.0,
        "max_ttft": 0.0,
        "mean_queue": 0.0,
        "p95_queue": 0.0,
        "mean_lat": 0.0,
        "p95_lat": 0.0,
        "cache_hit": 0.0
      },
      "all": {
        "requests": 4000,
        "mean_ttft": 30.347819192637715,
        "p50_ttft": 30.332011798080572,
        "p95_ttft": 44.287261437920165,
        "p99_ttft": 45.503767186563664,
        "max_ttft": 45.83239907532456,
        "mean_queue": 30.260231746483868,
        "p95_queue": 44.22933323279196,
        "mean_lat": 30.598544168891504,
        "p95_lat": 44.61990134271312,
        "cache_hit": 0.9941167315175097
      },
      "span": 826.8679357769121,
      "throughput": 4.837531880156488,
      "util": 0.056681283369492755,
      "warm_gb": 0.0,
      "warm_busy_s": 0.0,
      "warm_count": 0,
      "ready_warms": 0,
      "signal_precision": 0.0,
      "signal_recall": 0.0,
      "tp_signals": 0,
      "fp_signals": 0,
      "signals": 0,
      "burst_node_counts": {
        "node0": 4000,
        "node1": 0,
        "node2": 0,
        "node3": 0,
        "node4": 0,
        "node5": 0,
        "node6": 0,
        "node7": 0
      }
    },
    "cache_aware_no_warm": {
      "policy": "cache_aware_no_warm",
      "burst": {
        "requests": 4000,
        "mean_ttft": 16.357372115357865,
        "p50_ttft": 16.349393862674532,
        "p95_ttft": 17.71852942347229,
        "p99_ttft": 17.802321705473915,
        "max_ttft": 17.84421784647398,
        "mean_queue": 16.062169982024532,
        "p95_queue": 17.660601218344084,
        "mean_lat": 16.604217173255957,
        "p95_lat": 17.9087237643854,
        "cache_hit": 0.9801712062256809
      },
      "decoy": {
        "requests": 0,
        "mean_ttft": 0.0,
        "p50_ttft": 0.0,
        "p95_ttft": 0.0,
        "p99_ttft": 0.0,
        "max_ttft": 0.0,
        "mean_queue": 0.0,
        "p95_queue": 0.0,
        "mean_lat": 0.0,
        "p95_lat": 0.0,
        "cache_hit": 0.0
      },
      "all": {
        "requests": 4000,
        "mean_ttft": 16.357372115357865,
        "p50_ttft": 16.349393862674532,
        "p95_ttft": 17.71852942347229,
        "p99_ttft": 17.802321705473915,
        "max_ttft": 17.84421784647398,
        "mean_queue": 16.062169982024532,
        "p95_queue": 17.660601218344084,
        "mean_lat": 16.604217173255957,
        "p95_lat": 17.9087237643854,
        "cache_hit": 0.9801712062256809
      },
      "span": 798.8898601992723,
      "throughput": 5.006948015340004,
      "util": 0.18863343919408113,
      "warm_gb": 0.0,
      "warm_busy_s": 0.0,
      "warm_count": 0,
      "ready_warms": 0,
      "signal_precision": 0.0,
      "signal_recall": 0.0,
      "tp_signals": 0,
      "fp_signals": 0,
      "signals": 0,
      "burst_node_counts": {
        "node0": 504,
        "node1": 504,
        "node2": 504,
        "node3": 504,
        "node4": 496,
        "node5": 496,
        "node6": 496,
        "node7": 496
      }
    },
    "least_load_recompute": {
      "policy": "least_load_recompute",
      "burst": {
        "requests": 4000,
        "mean_ttft": 16.343360091309776,
        "p50_ttft": 16.333361798546292,
        "p95_ttft": 17.70249735934405,
        "p99_ttft": 17.78628964134566,
        "max_ttft": 17.828185782345713,
        "mean_queue": 16.048157957976443,
        "p95_queue": 17.644569154215844,
        "mean_lat": 16.590205149207872,
        "p95_lat": 17.892691700257274,
        "cache_hit": 0.9801712062256809
      },
      "decoy": {
        "requests": 0,
        "mean_ttft": 0.0,
        "p50_ttft": 0.0,
        "p95_ttft": 0.0,
        "p99_ttft": 0.0,
        "max_ttft": 0.0,
        "mean_queue": 0.0,
        "p95_queue": 0.0,
        "mean_lat": 0.0,
        "p95_lat": 0.0,
        "cache_hit": 0.0
      },
      "all": {
        "requests": 4000,
        "mean_ttft": 16.343360091309776,
        "p50_ttft": 16.333361798546292,
        "p95_ttft": 17.70249735934405,
        "p99_ttft": 17.78628964134566,
        "max_ttft": 17.828185782345713,
        "mean_queue": 16.048157957976443,
        "p95_queue": 17.644569154215844,
        "mean_lat": 16.590205149207872,
        "p95_lat": 17.892691700257274,
        "cache_hit": 0.9801712062256809
      },
      "span": 798.8738281351441,
      "throughput": 5.007048496428308,
      "util": 0.18863722475230996,
      "warm_gb": 0.0,
      "warm_busy_s": 0.0,
      "warm_count": 0,
      "ready_warms": 0,
      "signal_precision": 0.0,
      "signal_recall": 0.0,
      "tp_signals": 0,
      "fp_signals": 0,
      "signals": 0,
      "burst_node_counts": {
        "node0": 504,
        "node1": 504,
        "node2": 504,
        "node3": 504,
        "node4": 496,
        "node5": 496,
        "node6": 496,
        "node7": 496
      }
    }
  },
  "sweep": [
    {
      "policy": "partial_fake_prefill",
      "trials": 5,
      "burst": {
        "requests": 4000.0,
        "mean_ttft": 12.448409004962459,
        "p50_ttft": 10.485519814510694,
        "p95_ttft": 17.32013330882424,
        "p99_ttft": 17.57862491702386,
        "max_ttft": 17.620521058025275,
        "mean_queue": 12.212525353680409,
        "p95_queue": 17.262205103696033,
        "mean_lat": 12.693184773070854,
        "p95_lat": 17.558960891537026,
        "cache_hit": 0.9841556420233463
      },
      "decoy": {
        "requests": 0.0,
        "mean_ttft": 0.0,
        "p50_ttft": 0.0,
        "p95_ttft": 0.0,
        "p99_ttft": 0.0,
        "max_ttft": 0.0,
        "mean_queue": 0.0,
        "p95_queue": 0.0,
        "mean_lat": 0.0,
        "p95_lat": 0.0,
        "cache_hit": 0.0
      },
      "all": {
        "requests": 4000.0,
        "mean_ttft": 12.448409004962459,
        "p50_ttft": 10.485519814510694,
        "p95_ttft": 17.32013330882424,
        "p99_ttft": 17.57862491702386,
        "max_ttft": 17.620521058025275,
        "mean_queue": 12.212525353680409,
        "p95_queue": 17.262205103696033,
        "mean_lat": 12.693184773070854,
        "p95_lat": 17.558960891537026,
        "cache_hit": 0.9841556420233463
      },
      "burst_node_counts": {
        "node0": 528.0,
        "node1": 528.0,
        "node2": 528.0,
        "node3": 528.0,
        "node4": 472.0,