{
  "label": {
    "dataset": "alessiotoniolo/ART-Chat-2.5M",
    "split": "train",
    "key_blocks": 8,
    "block_tokens": 256,
    "horizon_s": 30.0,
    "future_k": 3,
    "definition": "positive iff at least future_k later requests within horizon_s share the same first key_blocks hash_ids"
  },
  "data": {
    "offsets": [
      "0002.parquet:rg53:start38",
      "0001.parquet:rg7:start88",
      "0002.parquet:rg126:start444",
      "0000.parquet:rg49:start428",
      "0000.parquet:rg74:start71",
      "0003.parquet:rg92:start246",
      "0000.parquet:rg96:start92",
      "0002.parquet:rg96:start564",
      "0003.parquet:rg140:start434",
      "0000.parquet:rg59:start60",
      "0003.parquet:rg63:start579",
      "0001.parquet:rg72:start126"
    ],
    "rows_per_window": 1200,
    "train_windows": 8
  },
  "model": {
    "type": "standardized_logistic_regression",
    "feature_names": [
      "input_tokens_log",
      "prefix_blocks_log",
      "message_bytes_log",
      "interarrival_s_log",
      "total_1s_log",
      "total_5s_log",
      "total_10s_log",
      "total_30s_log",
      "same_key_1s_log",
      "same_key_5s_log",
      "same_key_10s_log",
      "same_key_30s_log",
      "same_first_10s_log",
      "same_first_30s_log",
      "same_system_10s_log",
      "same_system_30s_log",
      "same_key_seen_log",
      "same_first_seen_log",
      "time_since_same_key_log",
      "time_since_same_first_log",
      "no_prior_same_key",
      "no_prior_same_first"
    ],
    "means": [
      9.77544455519724,
      4.2617775316693365,
      0.0,
      0.22029318837537368,
      1.5497930914520106,
      3.0189164285042653,
      3.67693414332581,
      4.686047170251424,
      0.019082701764453498,
      0.12208870868169967,
      0.22013209952500098,
      0.45571640444067785,
      0.42499380649115726,
      0.8087725797549367,
      0.1915270590408769,
      0.4034013415100624,
      0.9768571682469526,
      1.583309555241836,
      4.576457996759256,
      3.765545138789017,
      0.32594573939625526,
      0.23633931983186854
    ],
    "stds": [
      0.9277048937430574,
      0.9021770427682647,
      1.0,
      0.22074262960381816,
      0.5746642073877616,
      0.43989562148257744,
      0.4145665877826059,
      0.5027865405099786,
      0.11601171908170414,
      0.2913323939081035,
      0.3951928887320189,
      0.5896428742962846,
      0.5755827126596929,
      0.8384845322174177,
      0.3705009934144861,
      0.5585585749908889,
      0.8964393025383428,
      1.27019467779002,
      2.7105236036757967,
      2.713683347278904,
      0.46872712143172235,
      0.4248329621548532
    ],
    "weights": [
      -0.5854107121118869,
      0.02138042410698046,
      -0.014075557212172398,
      0.0,
      -0.07904259581340743,
      0.03702161453805373,
      0.08685691806211533,
      -0.0315533001610845,
      -0.2905329098496302,
      -0.11816445351274579,
      -0.03375495538803482,
      0.3698273161628891,
      0.6501667394841522,
      -0.1052784403296206,
      0.09911347030498298,
      -0.09041230202828188,
      0.019332068521678868,
      0.44325121414458263,
      0.31117731290338013,
      0.15328719314147052,
      -0.22675698345570042,
      0.47787473922054974,
      -0.18189753095901218
    ],
    "threshold": 0.695
  },
  "rule_baseline": {
    "feature": "same_key_30s",
    "threshold": 3.0
  },
  "metrics": {
    "train_model": {
      "n": 5234,
      "base_rate": 0.13163928162017577,
      "threshold": 0.695,
      "precision": 0.489769820971867,
      "recall": 0.555878084179971,
      "f1": 0.5207341944255608,
      "tp": 383,
      "fp": 399,
      "fn": 306,
      "tn": 4146,
      "ap": 0.5168288499387513,
      "auroc": 0.8311137935273933,
      "p_at_1pct": 0.8653846153846154,
      "p_at_5pct": 0.7088122605363985
    },
    "test_model": {
      "n": 2786,
      "base_rate": 0.13460157932519742,
      "threshold": 0.695,
      "precision": 0.4375,
      "recall": 0.48533333333333334,
      "f1": 0.46017699115044247,
      "tp": 182,
      "fp": 234,
      "fn": 193,
      "tn": 2177,
      "ap": 0.49698591540543985,
      "auroc": 0.8314160099543758,
      "p_at_1pct": 0.9629629629629629,
      "p_at_5pct": 0.6546762589928058
    },
    "train_rule": {
      "n": 5234,
      "base_rate": 0.13163928162017577,
      "threshold": 0.5,
      "precision": 0.5124610591900312,
      "recall": 0.47750362844702465,
      "f1": 0.49436513899323814,
      "tp": 329,
      "fp": 313,
      "fn": 360,
      "tn": 4232,
      "ap": 0.31348306220142746,
      "auroc": 0.7043183708791779,
      "p_at_1pct": 0.7307692307692307,
      "p_at_5pct": 0.6513409961685823
    },
    "test_rule": {
      "n": 2786,
      "base_rate": 0.13460157932519742,
      "threshold": 0.5,
      "precision": 0.4492753623188406,
      "recall": 0.41333333333333333,
      "f1": 0.4305555555555556,
      "tp": 155,
      "fp": 190,
      "fn": 220,
      "tn": 2221,
      "ap": 0.2646667429625699,
      "auroc": 0.6672639292133278,
      "p_at_1pct": 0.4074074074074074,
      "p_at_5pct": 0.3237410071942446
    }
  }
}
