{
  "args": {
    "num_bursts": 1,
    "burst_size": 500,
    "prefix_tokens": 65536,
    "suffix_tokens": 256,
    "output_tokens": 1,
    "first_burst_s": 20.0,
    "burst_spacing_s": 25.0,
    "burst_window_s": 1.0,
    "num_decoys": 0,
    "decoy_size": 1,
    "decoy_window_s": 0.1,
    "background_requests": 0,
    "background_prefix_tokens": 2048,
    "background_output_tokens": 1,
    "lead_s": 6.0,
    "active_ttl_s": 20.0,
    "replicas": 4,
    "warm_blocks": 256,
    "key_blocks": 8,
    "precision_sweep": [
      1.0
    ],
    "recall_sweep": [
      1.0
    ],
    "rdma_gbps": 0.0,
    "hbm_only": true,
    "block_tokens": 256,
    "imbalance_abs": 64,
    "imbalance_rel": 1.5,
    "max_batch": 256,
    "seed": 7,
    "out": "bite-the-bullet/synthetic_single_spike_oracle_abs64_out1.json"
  },
  "jobs": {
    "bursts": 1,
    "decoys": 0,
    "requests": 500
  },
  "baselines": {
    "pure_cache_affinity": {
      "policy": "pure_cache_affinity",
      "burst": {
        "requests": 500,
        "mean_ttft": 9.655906372460896,
        "p50_ttft": 9.655027605752116,
        "p95_ttft": 14.135202228756425,
        "p99_ttft": 14.519134966450975,
        "max_ttft": 14.629748271232822,
        "mean_queue": 9.628275145767265,
        "p95_queue": 14.116927607927305,
        "mean_lat": 9.748771037750267,
        "p95_lat": 14.249823549570333,
        "cache_hit": 0.9941167315175097
      },
      "decoy": {
        "requests": 0,
        "mean_ttft": 0.0,
        "p50_ttft": 0.0,
        "p95_ttft": 0.0,
        "p99_ttft": 0.0,
        "max_ttft": 0.0,
        "mean_queue": 0.0,
        "p95_queue": 0.0,
        "mean_lat": 0.0,
        "p95_lat": 0.0,
        "cache_hit": 0.0
      },
      "all": {
        "requests": 500,
        "mean_ttft": 9.655906372460896,
        "p50_ttft": 9.655027605752116,
        "p95_ttft": 14.135202228756425,
        "p99_ttft": 14.519134966450975,
        "max_ttft": 14.629748271232822,
        "mean_queue": 9.628275145767265,
        "p95_queue": 14.116927607927305,
        "mean_lat": 9.748771037750267,
        "p95_lat": 14.249823549570333,
        "cache_hit": 0.9941167315175097
      },
      "span": 35.65096421248655,
      "throughput": 14.0248661163806,
      "util": 0.10975133883619281,
      "warm_gb": 0.0,
      "warm_busy_s": 0.0,
      "warm_count": 0,
      "ready_warms": 0,
      "signal_precision": 0.0,
      "signal_recall": 0.0,
      "tp_signals": 0,
      "fp_signals": 0,
      "signals": 0,
      "burst_node_counts": {
        "node0": 500,
        "node1": 0,
        "node2": 0,
        "node3": 0
      }
    },
    "cache_aware_no_warm": {
      "policy": "cache_aware_no_warm",
      "burst": {
        "requests": 500,
        "mean_ttft": 5.642987403327214,
        "p50_ttft": 5.685669638036894,
        "p95_ttft": 6.4244737328790285,
        "p99_ttft": 6.525544094950397,
        "max_ttft": 6.535802683715391,
        "mean_queue": 5.587286359040056,
        "p95_queue": 6.406199112049908,
        "mean_lat": 5.73487101071193,
        "p95_lat": 6.5165738681469385,
        "cache_hit": 0.9881400778210117
      },
      "decoy": {
        "requests": 0,
        "mean_ttft": 0.0,
        "p50_ttft": 0.0,
        "p95_ttft": 0.0,
        "p99_ttft": 0.0,
        "max_ttft": 0.0,
        "mean_queue": 0.0,
        "p95_queue": 0.0,
        "mean_lat": 0.0,
        "p95_lat": 0.0,
        "cache_hit": 0.0
      },
      "all": {
        "requests": 500,
        "mean_ttft": 5.642987403327214,
        "p50_ttft": 5.685669638036894,
        "p95_ttft": 6.4244737328790285,
        "p99_ttft": 6.525544094950397,
        "max_ttft": 6.535802683715391,
        "mean_queue": 5.587286359040056,
        "p95_queue": 6.406199112049908,
        "mean_lat": 5.73487101071193,
        "p95_lat": 6.5165738681469385,
        "cache_hit": 0.9881400778210117
      },
      "span": 27.559029699834795,
      "throughput": 18.142873876397662,
      "util": 0.2694130106766801,
      "warm_gb": 0.0,
      "warm_busy_s": 0.0,
      "warm_count": 0,
      "ready_warms": 0,
      "signal_precision": 0.0,
      "signal_recall": 0.0,
      "tp_signals": 0,
      "fp_signals": 0,
      "signals": 0,
      "burst_node_counts": {
        "node0": 125,
        "node1": 125,
        "node2": 125,
        "node3": 125
      }
    },
    "least_load_recompute": {
      "policy": "least_load_recompute",
      "burst": {
        "requests": 500,
        "mean_ttft": 5.546795018557676,
        "p50_ttft": 5.5374317415284215,
        "p95_ttft": 6.3167343973829615,
        "p99_ttft": 6.397287581924345,
        "max_ttft": 6.407546170689339,
        "mean_queue": 5.491093974270517,
        "p95_queue": 6.298459776553841,
        "mean_lat": 5.638678625942392,
        "p95_lat": 6.404349419249144,
        "cache_hit": 0.9881400778210117
      },
      "decoy": {
        "requests": 0,
        "mean_ttft": 0.0,
        "p50_ttft": 0.0,
        "p95_ttft": 0.0,
        "p99_ttft": 0.0,
        "max_ttft": 0.0,
        "mean_queue": 0.0,
        "p95_queue": 0.0,
        "mean_lat": 0.0,
        "p95_lat": 0.0,
        "cache_hit": 0.0
      },
      "all": {
        "requests": 500,
        "mean_ttft": 5.546795018557676,
        "p50_ttft": 5.5374317415284215,
        "p95_ttft": 6.3167343973829615,
        "p99_ttft": 6.397287581924345,
        "max_ttft": 6.407546170689339,
        "mean_queue": 5.491093974270517,
        "p95_queue": 6.298459776553841,
        "mean_lat": 5.638678625942392,
        "p95_lat": 6.404349419249144,
        "cache_hit": 0.9881400778210117
      },
      "span": 27.430773186808743,
      "throughput": 18.2277034845101,
      "util": 0.270672689836211,
      "warm_gb": 0.0,
      "warm_busy_s": 0.0,
      "warm_count": 0,
      "ready_warms": 0,
      "signal_precision": 0.0,
      "signal_recall": 0.0,
      "tp_signals": 0,
      "fp_signals": 0,
      "signals": 0,
      "burst_node_counts": {
        "node0": 125,
        "node1": 125,
        "node2": 125,
        "node3": 125
      }
    }
  },
  "sweep": [
    {
      "policy": "predict_fake_prefill",
      "burst": {
        "requests": 500,
        "mean_ttft": 0.8684920863028734,
        "p50_ttft": 0.8571248012575897,
        "p95_ttft": 1.6384314651281595,
        "p99_ttft": 1.7189846496695427,
        "max_ttft": 1.729243238434537,
        "mean_queue": 0.8502174654737531,
        "p95_queue": 1.6201568442990393,
        "mean_lat": 0.9603756936875896,
        "p95_lat": 1.726046486994342,
        "cache_hit": 0.9961089494163424
      },
      "decoy": {
        "requests": 0,
        "mean_ttft": 0.0,
        "p50_ttft": 0.0,
        "p95_ttft": 0.0,
        "p99_ttft": 0.0,
        "max_ttft": 0.0,
        "mean_queue": 0.0,
        "p95_queue": 0.0,
        "mean_lat": 0.0,
        "p95_lat": 0.0,
        "cache_hit": 0.0
      },
      "all": {
        "requests": 500,
        "mean_ttft": 0.8684920863028734,
        "p50_ttft": 0.8571248012575897,
        "p95_ttft": 1.6384314651281595,
        "p99_ttft": 1.7189846496695427,
        "max_ttft": 1.729243238434537,
        "mean_queue": 0.8502174654737531,
        "p95_queue": 1.6201568442990393,
        "mean_lat": 0.9603756936875896,
        "p95_lat": 1.726046486994342,
        "cache_hit": 0.9961089494163424
      },
      "span": 22.75247025455394,
      "throughput": 21.97563580595932,
      "util": 0.3263276945181132,
      "warm_gb": 85.89934592,
      "warm_busy_s": 18.71321172901921,
      "warm_count": 4,
      "ready_warms": 4,
      "signal_precision": 1.0,
      "signal_recall": 1.0,
      "tp_signals": 1,
      "fp_signals": 0,
      "signals": 1,
      "burst_node_counts": {
        "node0": 125,
        "node1": 125,
        "node2": 125,
        "node3": 125
      }
    },
    {
      "policy": "predict_seed_real",
      "burst": {
        "requests": 500,
        "mean_ttft": 6.915418771875521,
        "p50_ttft": 6.904540158665291,