{
 "W": [
  1.1160377660827496,
  0.6393504308312873,
  1.6204740983137362,
  -0.06728063803786948,
  -0.06618212214935937,
  0.4435726036627327,
  -0.08991341119396117,
  0.2819119893397012,
  0.19813360796273013,
  -0.7177888509557666,
  0.7324474607895041
 ],
 "holdout_cost": 0.9410086058161925
}